name,   x,                  y,                      theta
chair,  0.6301342859826911, 0.7017363765487734,     0.0
pole,   2.3856795801295987, 0.31334689415802763,    0.0
table,  0.9856647222083726, 0.0259118288650104,     0.0